MissionIndex,OpenFactor,SlotIndex,IconInfo,AbleToMode,AbleToSubMode,MapInfo,DiffType,ActionType,ActionCount,Description,Summary,RewardItemIndex1,RewardItemIndex2,RewardItemIndex3,OrderType
500210101,0,0,0,5,0,0,1,1,1,MissionDes_5000101,sumAction_5000101,49501802,0,0,1
500221105,0,0,0,5,0,0,2,11,5,MissionDes_5001105,sumAction_5001105,33400102,49501802,0,1
500231301,0,0,0,5,0,0,3,13,1,MissionDes_5001301,sumAction_5001301,23400302,81400902,49501802,1
200210101,0,1,0,2,0,0,1,1,1,MissionDes_2000101,sumAction_2000101,49501202,0,0,1
200221105,0,1,0,2,0,0,2,11,5,MissionDes_2001105,sumAction_2001105,43410602,49501202,0,1
200230201,0,1,0,2,0,0,3,2,1,MissionDes_2000201,sumAction_2000201,31400102,81402602,49501202,1
300210101,0,2,0,3,0,0,1,1,1,MissionDes_3000101,sumAction_3000101,49501802,0,0,1
300221105,0,2,0,3,0,0,2,11,5,MissionDes_3001105,sumAction_3001105,81402602,49501802,0,1
300231301,0,2,0,3,0,0,3,13,1,MissionDes_3001301,sumAction_3001301,49500902,31400102,49501802,1
800210101,0,3,0,8,0,0,1,1,1,MissionDes_8000101,sumAction_8000101,49501202,0,0,1
800221105,0,3,0,8,0,0,2,11,5,MissionDes_8001105,sumAction_8001105,33400102,49501202,0,1
800231301,0,3,0,8,0,0,3,13,1,MissionDes_8001301,sumAction_8001301,23400302,81402602,49501202,1
100210101,0,4,0,1,0,0,1,1,1,MissionDes_1000101,sumAction_1000101,49501802,0,0,1
100221105,0,4,0,1,0,0,2,11,5,MissionDes_1001105,sumAction_1001105,81400902,49501802,0,1
100230201,0,4,0,1,0,0,3,2,1,MissionDes_1000201,sumAction_1000201,31400102,23400302,49501802,1
600210101,0,5,0,6,0,0,1,1,1,MissionDes_6000101,sumAction_6000101,49501202,0,0,1
600221103,0,5,0,6,0,0,2,11,3,MissionDes_6001103,sumAction_6001103,31400102,49501202,0,1
600233502,0,5,0,6,0,0,3,35,2,MissionDes_6003502,sumAction_6003502,49500902,33400102,49501202,1
423210101,0,6,0,4,0,23,1,1,1,MissionDes_4230101,sumAction_4230101,49501202,0,0,1
423220802,0,6,0,4,0,23,2,8,2,MissionDes_4230802,sumAction_4230802,23400302,49501202,0,1
423230601,0,6,0,4,0,23,3,6,1,MissionDes_4230601,sumAction_4230601,49500902,31400102,49501202,1
730210101,0,7,0,7,0,30,1,1,1,MissionDes_7300101,sumAction_7300101,49501802,0,0,1
730220802,0,7,0,7,0,30,2,8,2,MissionDes_7300802,sumAction_7300802,31400102,49501802,0,1
730230601,0,7,0,7,0,30,3,6,1,MissionDes_7300601,sumAction_7300601,23400302,81400902,49501802,1
706210101,0,8,0,7,0,6,1,1,1,MissionDes_7060101,sumAction_7060101,49501802,0,0,1
706220802,0,8,0,7,0,6,2,8,2,MissionDes_7060802,sumAction_7060802,33400102,49501802,0,1
706230601,0,8,0,7,0,6,3,6,1,MissionDes_7060601,sumAction_7060601,49500902,81400902,49501802,1
500110101,0,0,0,5,0,0,1,1,1,MissionDes_5000101,sumAction_5000101,49501202,0,0,2
500121105,0,0,0,5,0,0,2,11,5,MissionDes_5001105,sumAction_5001105,43410602,49501202,0,2
500131301,0,0,0,5,0,0,3,13,1,MissionDes_5001301,sumAction_5001301,24400202,81400502,49501202,2
200110101,0,1,0,2,0,0,1,1,1,MissionDes_2000101,sumAction_2000101,49501802,0,0,2
200121105,0,1,0,2,0,0,2,11,5,MissionDes_2001105,sumAction_2001105,32400202,49501802,0,2
200130201,0,1,0,2,0,0,3,2,1,MissionDes_2000201,sumAction_2000201,22400302,81401102,49501802,2
300110101,0,2,0,3,0,0,1,1,1,MissionDes_3000101,sumAction_3000101,49501202,0,0,2
300121105,0,2,0,3,0,0,2,11,5,MissionDes_3001105,sumAction_3001105,22400302,49501202,0,2
300131301,0,2,0,3,0,0,3,13,1,MissionDes_3001301,sumAction_3001301,32400202,81401102,49501202,2
800110101,0,3,0,8,0,0,1,1,1,MissionDes_8000101,sumAction_8000101,49501802,0,0,2
800121105,0,3,0,8,0,0,2,11,5,MissionDes_8001105,sumAction_8001105,43410602,49501802,0,2
800131301,0,3,0,8,0,0,3,13,1,MissionDes_8001301,sumAction_8001301,22400302,32400202,49501802,2
100110101,0,4,0,1,0,0,1,1,1,MissionDes_1000101,sumAction_1000101,49501202,0,0,2
100121105,0,4,0,1,0,0,2,11,5,MissionDes_1001105,sumAction_1001105,43410602,49501202,0,2
100130201,0,4,0,1,0,0,3,2,1,MissionDes_1000201,sumAction_1000201,24400202,81401102,49501202,2
600110101,0,5,0,6,0,0,1,1,1,MissionDes_6000101,sumAction_6000101,49501802,0,0,2
600121103,0,5,0,6,0,0,2,11,3,MissionDes_6001103,sumAction_6001103,24400202,49501802,0,2
600133502,0,5,0,6,0,0,3,35,2,MissionDes_6003502,sumAction_6003502,32400202,81400502,49501802,2
704110101,0,6,0,7,0,4,1,1,1,MissionDes_7040101,sumAction_7040101,49501202,0,0,2
704120802,0,6,0,7,0,4,2,8,2,MissionDes_7040802,sumAction_7040802,43410602,49501202,0,2
704130601,0,6,0,7,0,4,3,6,1,MissionDes_7040601,sumAction_7040601,24400202,81400502,49501202,2
424110101,0,7,0,4,0,24,1,1,1,MissionDes_4240101,sumAction_4240101,49501802,0,0,2
424120802,0,7,0,4,0,24,2,8,2,MissionDes_4240802,sumAction_4240802,43410602,49501802,0,2
424130601,0,7,0,4,0,24,3,6,1,MissionDes_4240601,sumAction_4240601,22400302,81401102,49501802,2
731110101,0,8,0,7,0,31,1,1,1,MissionDes_7310101,sumAction_7310101,49501202,0,0,2
731120802,0,8,0,7,0,31,2,8,2,MissionDes_7310802,sumAction_7310802,32400202,49501202,0,2
731130601,0,8,0,7,0,31,3,6,1,MissionDes_7310601,sumAction_7310601,24400202,81401102,49501202,2
500310101,0,0,0,5,0,0,1,1,1,MissionDes_5000101,sumAction_5000101,49501202,0,0,3
500321105,0,0,0,5,0,0,2,11,5,MissionDes_5001105,sumAction_5001105,33400202,49501202,0,3
500331301,0,0,0,5,0,0,3,13,1,MissionDes_5001301,sumAction_5001301,49501902,31400202,49501202,3
200310101,0,1,0,2,0,0,1,1,1,MissionDes_2000101,sumAction_2000101,49501802,0,0,3
200321105,0,1,0,2,0,0,2,11,5,MissionDes_2001105,sumAction_2001105,24400302,49501802,0,3
200330201,0,1,0,2,0,0,3,2,1,MissionDes_2000201,sumAction_2000201,31400202,81401002,49501802,3
300310101,0,2,0,3,0,0,1,1,1,MissionDes_3000101,sumAction_3000101,49501202,0,0,3
300321105,0,2,0,3,0,0,2,11,5,MissionDes_3001105,sumAction_3001105,24400302,49501202,0,3
300331301,0,2,0,3,0,0,3,13,1,MissionDes_3001301,sumAction_3001301,33400202,81401102,49501202,3
800310101,0,3,0,8,0,0,1,1,1,MissionDes_8000101,sumAction_8000101,49501802,0,0,3
800321105,0,3,0,8,0,0,2,11,5,MissionDes_8001105,sumAction_8001105,24400302,49501802,0,3
800331301,0,3,0,8,0,0,3,13,1,MissionDes_8001301,sumAction_8001301,81401102,31400202,49501802,3
100310101,0,4,0,1,0,0,1,1,1,MissionDes_1000101,sumAction_1000101,49501202,0,0,3
100321105,0,4,0,1,0,0,2,11,5,MissionDes_1001105,sumAction_1001105,33400202,49501202,0,3
100330201,0,4,0,1,0,0,3,2,1,MissionDes_1000201,sumAction_1000201,81401002,24400302,49501202,3
600310101,0,5,0,6,0,0,1,1,1,MissionDes_6000101,sumAction_6000101,49501802,0,0,3
600321103,0,5,0,6,0,0,2,11,3,MissionDes_6001103,sumAction_6001103,31400202,49501802,0,3
600333502,0,5,0,6,0,0,3,35,2,MissionDes_6003502,sumAction_6003502,49501902,33400202,49501802,3
729310101,0,6,0,7,0,29,1,1,1,MissionDes_7290101,sumAction_7290101,49501202,0,0,3
729320802,0,6,0,7,0,29,2,8,2,MissionDes_7290802,sumAction_7290802,33400202,49501202,0,3
729330601,0,6,0,7,0,29,3,6,1,MissionDes_7290601,sumAction_7290601,81401002,31400202,49501202,3
705310101,0,7,0,7,0,5,1,1,1,MissionDes_7050101,sumAction_7050101,49501202,0,0,3
705320802,0,7,0,7,0,5,2,8,2,MissionDes_7050802,sumAction_7050802,24400302,49501202,0,3
705330601,0,7,0,7,0,5,3,6,1,MissionDes_7050601,sumAction_7050601,81401102,33400202,49501202,3
425310101,0,8,0,4,0,25,1,1,1,MissionDes_4250101,sumAction_4250101,49501802,0,0,3
425320802,0,8,0,4,0,25,2,8,2,MissionDes_4250802,sumAction_4250802,31400202,49501802,0,3
425330601,0,8,0,4,0,25,3,6,1,MissionDes_4250601,sumAction_4250601,49501902,24400302,49501802,3
