Index,Keyword
1,$
2,(*)(*)
3,(*)
4,(O)
5,.G.
6,?洰
7,⒘6⒛
8,≯≯
9,≥6≥
10,⑾060
11,00
12,108
13,10逞
14,10仇
15,10诫摹
16,10浤摹
17,10舅
18,10迫
19,10惯逞
20,10惯斥
21,10惯仇
22,10惯串
23,10闺逞
24,10闺仇
25,10闺雌
26,10滚瘤
27,10货尝
28,10货府
29,10疥尝
30,10举逞
31,10举仇
32,10举雌
33,10芒
34,10貌
35,10攀
36,10攀酒
37,10迫斥
38,10迫仇
39,10迫楷
40,10且斥
41,10且楷
42,10JIL
43,18仇
44,18技尝
45,18疥府
46,18井尝
47,18井府
48,18滘尝
49,18揪尝
50,18逞
51,18斥
52,18串
53,18雌
54,18涧尝
55,2C迫
56,2C8
57,4KKASI
58,ぁだぁびいち
59,ぁだ逞
60,ぁだ斥
61,ぁだ仇
62,ぁだ雌
63,ぁださだあび
64,ぁださだ尝
65,ぁだ瘤饿
66,ぁだ啊
67,ぁだ串
68,ぁださち
69,ぁだ炼渴
70,ぁだぁた
71,ぁだ货あび
72,ぁだ货尝
73,ぁび笼局
74,ぁH搐
75,ぁR娇
76,ぁRしR娇
77,ǹ见
78,啊尔捞
79,啊胶固
80,啊酒娇
81,哎难临赤
82,哎难临咯
83,碍埃
84,鞍捞磊磊
85,俺逞
86,港港
87,俺仇
88,俺川
89,俺串
90,俺雌
91,俺扼交
92,俺さだあび
93,港港港
94,俺货具
95,俺祸
96,港港港
97,俺祸尝
98,俺畸虐
99,俺畸尝
100,俺箕尝
101,俺箕疟
102,俺肌
103,俺冀
104,俺橣
105,俺橫
106,俺悸虐
107,俺橴
108,俺嫁
109,俺櫢
110,俺兼
111,俺權
112,俺溅
113,俺溅府
114,俺溅虐
115,俺涧
116,俺涧扁
117,俺涧尝
118,俺涧虐
119,俺歸
120,俺殏
121,俺毭扁
122,俺毭尝
123,俺毭闺
124,俺毭磾
125,俺毭虐
126,俺氁
127,俺氎
128,俺矫虐
129,俺剿扁
130,俺剿尝
131,俺氻
132,俺街逞
133,俺港港
134,俺街串
135,俺街雌
136,俺街楷
137,俺街康
138,俺劫
139,俺港港
140,俺洁楷
141,俺井
142,俺井尝
143,俺滘扁
144,俺滘尝
145,俺警
146,俺揪尝
147,俺揪籖
148,俺久
149,俺磊交
150,俺磊毮
151,俺炼渴
152,俺僚
153,俺瘤饿
154,俺啊坯
155,俺鞍篮
156,港港??
157,俺畴付
158,俺搐
159,俺蠢付
160,俺档扼捞
161,俺锭播
162,俺锭尝
163,俺肚扼捞
164,俺港港
165,俺何饿
166,俺何凡
167,俺阂舅
168,俺焕促备
169,俺焕促蓖
170,俺涣促备
171,俺涣蝶备
172,港港港?
173,俺货あび
174,俺货播
175,俺货府
176,俺货捞
177,俺货欧
178,港港港?
179,俺祸播
180,俺祸洒
181,俺畸欧
182,俺樔
183,港港港
184,俺技捞
185,俺家府
186,俺尖
187,俺尖尝
188,俺櫢凹
189,俺櫢扁
190,俺櫢播
191,俺櫢尝
192,俺櫢募
193,俺櫢虐
194,俺兼扁
195,俺艰府
196,俺荐累
197,港港港
198,港港港
199,俺涧凹
200,俺涧播
201,俺涧捞
202,俺涧募
203,俺涧洒
204,俺浆府
205,俺奖
206,俺胶尝
207,俺胶虐
208,俺绞迫
209,俺剿虐
210,俺街仇
211,俺截
212,俺截播
213,港港港
214,俺劫尝
215,俺洁逞
216,俺洁仇
217,俺洁雌
218,俺洰
219,俺禁府
220,俺井府
221,俺滘
222,俺滘凹
223,俺滘播
224,俺滘募
225,俺滘虐
226,俺滷
227,俺漁扁
228,俺港港
229,俺港港
230,俺久迫
231,俺酒捞
232,俺堪芒
233,俺挎
234,俺磊侥
235,俺港港
236,俺棱斥
237,俺棱仇
238,俺粒
239,俺隶
240,俺牶
241,俺牷
242,俺炼肚
243,俺练
244,港港
245,俺骂龙捞
246,俺饶饿
247,俺饶饭
248,俺饶厘
249,凹见
250,凹娇
251,吧贰
252,吧饭
253,疤呕
254,霸斥
255,霸祸尝
256,霸畸虐
257,霸悸虐
258,霸剿尝
259,霸畴付
260,霸仇
261,霸搐
262,霸川
263,霸串
264,港港港
265,霸货府
266,霸祸扁
267,霸技播
268,霸技尝
269,霸冀
270,霸冀仇酒
271,霸溅捞
272,霸胶尝
273,霸胶虐
274,霸矫尝
275,霸矫柠
276,霸截扁
277,霸劫尝?
278,拌搐
279,拌川
280,拌距悼芭
281,拌距局牢
282,拌距矩
283,绊傍冀胶
284,绊快冀胶
285,绊眠炉
286,绊菩萍浆
287,绊锹赤
288,绊锹咯
289,傍腊傍
290,傍楼滚弊
291,傍楼某浆
292,傍楼某矫
293,苞何锰
294,堡赤
295,堡斥
296,堡储刺
297,堡储聪
298,堡搐
299,背券何何
300,备崇
301,备港俊茎角鳖
302,惫力己牢付飘
303,奔贰赣
304,奔伐
305,奔饭赣
306,甭冀胶努反
307,泵淡捞
308,泵嫡捞
309,弊芭窍绊颇
310,弊芭且斥
311,弊芭且巢
312,弊芭且赤
313,弊芭且荤恩
314,弊芭且咯
315,弊斥
316,弊缝冀
317,弊缝冀胶
318,弊瘤货尝
319,弊瘤货虐
320,弊瘤两逛
321,弊瘤两护
322,弊瘤港逛
323,辟模惑埃
324,臂贰赣
325,臂贰赣讥
326,臂饭赣
327,扁笼局
328,扁笼俊
329,扁屈酒
330,扁钧酒
331,鳖惯妨
332,鳖惯府
333,鳖柳斥
334,濒嫡捞
335,滨幂
336,滨摹衬
337,滨模
338,滨媚
339,滨摹匙
340,滨模促
341,滨磨贰
342,柄叼倔妨
343,柄叼棵妨
344,柄鹅倔妨
345,柄鹅棵妨
346,柄涧
347,柄浆倔妨
348,柄浆棵妨
349,柄矫倔妨
350,炳厚
351,波绢历
352,波绢历扼
353,波绢廉
354,波绢廉扼
355,波骸捞
356,波廉??
357,部扼官
358,裁癌
359,裁蔼
360,裁氨
361,裁滨
362,裁烹
363,裁妨
364,裁府绰
365,裁府促
366,裁陌
367,才衬
368,睬鳖
369,掺瘤扼
370,掺廉
371,いづ
372,いびしだけび
373,いた谎款
374,いた谎篮
375,いた挥
376,いた慧
377,いつ令
378,いびしびけび
379,唱呈冈阑膊
380,唱冈绢拎
381,唱酒挥
382,唱甫轿霸
383,唱甫蕊盒
384,唱谎款
385,唱悔篮
386,唱慧斥
387,唱慧搐
388,唱酒楢
389,唱酒慧
390,唱眉
391,巢赤冀矫加渴
392,巢赤磊困扁备
393,巢己窜访侩前
394,巢己磊困扁备
395,持霸国妨
396,持绊轿绊
397,匙滚冀胶
398,匙俊固
399,驰捍
400,斥仇
401,斥狼磊侥
402,畴埔萍
403,畴畴公扼
404,畴鄂惫拱
405,畴尔惫拱
406,畴宏扼
407,畴免刘
408,畴能
409,畴埔明
410,丑酒
411,搐
412,穿滴
413,穿靛隔墨
414,穿靛孤流
415,穿靛荤柳
416,穿靛冀胶
417,穿靛碱
418,穿靛胶纳摹
419,穿靛笼
420,穿靛玫荤
421,穿靛目敲
422,穿靛努反
423,穿靛鞘抚
424,穿靛拳焊
425,传彬
426,吹扁固
427,吹固
428,吹固凡
429,吹固费
430,吹捞固
431,吹雷扁固
432,圐扁固
433,蠢八付
434,刺蓖固
435,刺扁固
436,刺掁芒
437,刺固
438,聪扁固
439,聪掁
440,港港
441,港港饿
442,港港费
443,港港凡
444,聪港港
445,聪しだ固
446,聪局固
447,聪捞固
448,聪蓖固
449,港港??
450,港港甫
451,聪局厚
452,聪沮
453,聪绢固
454,聪俊固
455,聪俊厚
456,聪骏
457,聪港
458,聪烈锭
459,聪单
460,聪林啊府
461,丛捞饿
462,醋扁固
463,ぇたげ6
464,ぇだ眠ぉ
465,ぇだ免
466,ぇぇび惯
467,ぇっい
468,ぇびじっ
469,ぇび历
470,ぇび廉
471,ぇび柳
472,ぇび龙
473,ぇびじづ
474,促府国妨
475,促府国府
476,促焊磊己牢康拳包
477,促澜冀胶
478,促捞冀胶
479,窜鄂林痢
480,措啊府
481,措哎糊
482,措啊糊
483,措哎烹
484,措冠己牢配呕隔
485,措林鳖
486,措临斥
487,措器烹厘
488,措器迄
489,歹矾款斥
490,歹萍冀胶
491,带林操付
492,逮摹扁
493,逮魔
494,耽脚
495,丹摹扁
496,丹魔
497,单柳促
498,单龙贰
499,单廉扼
500,档扼捞
501,档弊敲
502,档鄂斥
503,档快固
504,档快固800
505,档框林绰荤恩
506,档撵冀胶
507,档撵冀胶NIPON
508,捣滚绰
509,捣急阂
510,倒覆户
511,倒如
512,导舅瘤
513,导父巢
514,导拎夸
515,悼魔
516,蹬柳促
517,登啊府
518,登龙贰
519,夣逛
520,滴滴冀胶
521,嫡脚
522,地廉
523,地廉扼
524,地瘤
525,地柳促
526,地龙贰
527,第辨逞
528,第辨仇
529,第
530,第肺呈绢拎
531,第廉扼
532,第柳促
533,第龙
534,第龙贰
535,掂ぁっ
536,掂芭
537,掂臂贰
538,靛矾款斥
539,靛览脚
540,殿鞭焊幅己牢康拳包
541,殿脚
542,碉饿
543,碉廁
544,碉
545,碉柳促
546,婓毲
547,婓脚
548,叼廁
549,叼擴
550,叼じづ
551,叼历
552,叼廉
553,叼龙
554,叼饿
555,叼凡
556,叼廉扼
557,叼瘤判冀胶炼急
558,叼柳促
559,叼龙贰
560,掉档
561,钓蹿ずづ
562,钓妮
563,爹备
564,爹疆
565,爹脚
566,えび惯
567,えび何饿
568,えび何凡
569,えたぉ吝
570,蝶冈扁
571,蝶冈绰
572,蝶冈绢
573,蝶冈囚临贰
574,蝶公扼
575,蝶宫扁
576,蝶捞绊矫欺
577,迭瘤都磊
578,叠蝶府
579,叠叠捞
580,叠蝶夫
581,叠摹
582,叠摹绰
583,锭播
584,栋扼捞
585,侗吧
586,侗锰
587,侗摹扁
588,冻酒捞
589,逗俺
590,逗轿备
591,肚ぉたしび
592,肚ぉた捞
593,肚扼捞
594,妒酒捞
595,妒扼捞
596,妒弗仇
597,妒桂捞
598,妒豪斥
599,端备港
600,端俺
601,端绊
602,端部
603,端操崇
604,端篡促
605,端措啊府
606,端拱
607,端媚冈促
608,顿惯
609,顿擴
610,遁货
611,哆惯
612,哆国
613,哆扒广
614,剁饿
615,剁惯
616,剁闺
617,剁桂
618,剁骇
619,峨舅
620,鹅饿
621,鹅规
622,鹅闺
623,鹅骇
624,鹅何饿
625,鹅何凡
626,鹅阂
627,鹅旐
628,鹅宏饿
629,鹅宏凡
630,鹅迫
631,鹅官
632,鹅冠
633,鹅惯
634,鹅国
635,鹅贺
636,鹅捞官
637,鹅捞惯
638,鹅捞规
639,鹅捞闺
640,鹅捞国
641,鹅捞阂
642,鹅捞贺
643,鹅捞迫
644,鹅捞妻
645,鹅捞钱
646,鹅妻
647,鹅钱
648,娥锭
649,娥货
650,娥技
651,娥疥
652,娥煌
653,娥蛔
654,ぉ1
655,ぉつ令
656,扼畴厚酒冀胶讥
657,扼捞宏胶飘赋
658,扼捞宏冀胶
659,矾宏冠荤己牢侩前
660,矾宏海靛
661,矾宏冀矫努反
662,矾宏窍磊己牢侩前
663,矾宏龋炮
664,矾矫酒吧
665,饭靛冀胶TV
666,饭酒第
667,饭令
668,肺府鸥
669,费府鸥
670,冯皋捞飘
671,冯荤氛
672,冯混氛
673,冯冀胶
674,冯揭氛
675,府倔冀
676,府倔冀胶敲饭捞
677,府倔俊肺
678,赋辑厚胶
679,傅扁固
680,けび镁斥
681,けび模逞
682,けぬぉに
683,けびずび逞
684,けび闷
685,けび摹逞
686,けび模
687,けL模
688,付聪酒冀胶
689,付胶磐海捞记
690,付居啊
691,付捞技捞淬寸
692,付捞技捞款康
693,父廉杭贰
694,父廉林膊
695,父廉临斥
696,父廉临盒
697,父廉拎
698,父瘤绊颇
699,父瘤绰吝
700,父瘤搁目柳促
701,父拳港港
702,咐埃斥
703,靥啊
704,匦啊
705,噶啊炉
706,噶唱聪
707,嘎埃斥
708,概模
709,概聘
710,概靛乔酒
711,概冕
712,溉挤
713,赣聪棵妨夸
714,赣聪清磐
715,赣扼狐呈
716,赣扼狐畴
717,港胖
718,皋嫡
719,皋氛
720,皋模
721,皋聘
722,羔导
723,葛畴冀胶
724,隔贰焊扁
725,隔贰墨皋扼
726,隔贰姆内歹
727,隔墨
728,个蹲捞临膊
729,个救俊荤沥
730,个姆
731,个耐
732,个颇绰
733,个颇扼
734,庚啊
735,公丰噶啊
736,公丰隔墨
737,公丰己牢
738,公丰己牢悼康惑
739,公丰己牢父拳
740,公丰己牢规价
741,公丰己牢轿捞飘
742,公丰己牢勘扁
743,公丰己牢康拳
744,公丰己牢沥焊
745,公丰冀胶
746,公丰冀胶悼康惑
747,公丰冀胶荤捞飘
748,公丰具汲
749,公丰器福畴
750,公丰器福畴悼康惑
751,公昏力盔魄
752,公傈噶啊
753,拱犬滑
754,构疩
755,构宁贰
756,构努贰
757,咕模仇
758,箍模
759,箍疩
760,箍疩技尝
761,箍疩技府
762,箍疩冀尝
763,箍疩溅捞
764,箍模技府
765,箍模冀尝
766,箍模冀捞
767,箍模涧捞
768,掁疩
769,掁痟
770,掁模
771,掁皮
772,掁聘
773,掁凭
774,掁莫
775,掁莫逞
776,固肤
777,固赴斥
778,固霉
779,固闷
780,固冕
781,固藐
782,固渺
783,固渺斥
784,固民
785,固鸣
786,固疩
787,固痟
788,固摹逞
789,固模
790,固模逞
791,固痻
792,固瓢
793,固聘
794,固簱
795,固惫器福畴
796,固肤仇
797,固赴逞
798,固家赤冀胶啊捞靛
799,固胶穿靛
800,固胶磐能导
801,固疥胶磐
802,固揪锰
803,固柳仇
804,固柳搐
805,固蛮仇
806,固镁斥
807,固渺技尝
808,固渺溅府
809,固摹斥
810,固摹搐
811,港港港
812,固模仇
813,固模搐
814,固模货尝
815,固模技府
816,固模冀捞
817,固模溅捞
818,固模涧捞
819,固模磊侥
820,固凭搐
821,刮纪具汲
822,刮刘困炼
823,棺模
824,关模
825,关备崇
826,关备崇弧扁
827,关芒
828,げっ
829,げぁ贱
830,ǘǘた
831,げげた备ぉび
832,げげた备府
833,げっ
834,ǘっǜづ
835,げづ雷脚
836,げづい
837,げづいぜだ
838,げづ攫
839,官备府
840,官捞宏饭捞磐
841,冠钮
842,冠绊哗绊
843,冠绊酵促
844,冠绊酵欺
845,冠酒临霸
846,冠酒临膊
847,冠阑膊
848,冠阑斥
849,观俊促揭膊
850,惯げたげっ
851,惯げた何
852,惯げた宏
853,惯官滚
854,惯官何
855,惯官宏
856,光したげっ
857,光酒滚
858,光酒何
859,光酒宏
860,广老
861,硅困俊轿烈
862,硅掳
863,归焊叼
864,桂疆
865,桂毲
866,桂矫
867,桂脚
868,搰脚
869,滚矾瘤
870,滚
871,滚弊橇肺弊伐
872,滚倔妨辑呈绢
873,滚瘤拱
874,滚窿拱
875,滚纳
876,棍捻
877,棍钮
878,锅俺巢
879,锅祸
880,锅冀
881,锅劫
882,锅洰
883,国扁
884,国贩芭妨
885,国妨
886,国副咯磊
887,骸绢府
888,骸俺巢
889,骸冀
890,骸脚
891,含疆
892,含毲
893,含脚
894,涵雷脚
895,涵い
896,涵攫
897,函碍艰
898,函碍烬
899,函斑
900,函いづ
901,函赤
902,函冀
903,函GIR
904,函GIRL
905,函T
906,函YOU赤
907,捍迭
908,捍婱
909,捍俄
910,捍伙
911,捍鉴
912,捍建
913,捍毭
914,捍毲
915,港港
916,捍氣
917,捍教
918,捍纠
919,捍钧脚
920,捍磊
921,捍凋
922,港港
923,港港??
924,捍氠
925,捍澘
926,捍盔愁捞
927,焊坷瘤
928,焊林び
929,港港
930,焊垄
931,焊骂
932,焊判
933,焊
934,港港拱
935,港港吧
936,港港备崇
937,港港备港
938,港港唱扼
939,港港寸
940,港港国
941,港港港港
942,港港判
943,焊窿
944,焊窿拱
945,焊窿斥
946,焊垄拱
947,焊G
948,焊Z
949,夯叼瘤
950,豪脚
951,豪舅
952,敐脚
953,禾
954,禾瘤
955,和怕
956,敺迭
957,敺脚
958,敺毲
959,何饿
960,何凡
961,何何冀胶
962,何款康
963,何墨纳
964,何欧盖
965,荇扒傈
966,阂符
967,阂舅
968,赫赫绊荐
969,贺迭
970,贺婱
971,贺囤
972,贺毲
973,贺矫唱
974,贺脚
975,贺舅
976,痕瘤
977,斶毲
978,斶脚
979,旡郊
980,旡毲
981,旡脚
982,恒浆
983,恒疆
984,恒脚
985,恒毲
986,轰旷脚
987,洪迭
988,洪毲
989,洪矫
990,洪脚
991,洪酒
992,宏扼磊
993,宏饿
994,宏扼鲤
995,宏饭瘤绢
996,喉舅
997,晩迭
998,晩疆
999,晩脚
1000,暒迭
1001,暒浆
1002,暒郊
1003,暒毲
1004,暒矫
1005,暒脚
1006,厚旷脚
1007,厚低规
1008,厚矾赣
1009,厚矾冈
1010,厚剐锅龋甫持栏技夸
1011,厚角疙
1012,厚侩脚
1013,厚雷脚
1014,厚令聪胶努反
1015,呼绢冈
1016,葫备
1017,葫迭
1018,葫囤
1019,葫さび
1020,葫浆
1021,葫疆
1022,葫毭
1023,葫矫
1024,葫脚
1025,葫酒
1026,葫蹿
1027,葫鉴
1028,葫毲
1029,こたぁぬ
1030,こた备府
1031,こた备ぉび
1032,こたぉた
1033,こた鉴
1034,こR
1035,狐备府
1036,狐奔
1037,狐吧
1038,狐备ぉび
1039,狐奔捞
1040,狐操府
1041,狐档府
1042,狐倒捞
1043,狐扼
1044,狐扼拎
1045,狐矾
1046,狐福呈
1047,狐荐聪
1048,狐鉴捞
1049,狐钮
1050,糊钮
1051,糊锰
1052,湖胶
1053,湖麻
1054,湖麻府
1055,弧埃付饶扼
1056,弧霸秦档
1057,弧绊矫欺
1058,弧绊矫器
1059,弧绊酵促
1060,弧绊酵绢
1061,弧绊颇
1062,弧备矫欺
1063,弧备酵唱
1064,弧备酵绢
1065,弧扁
1066,弧扼拎
1067,弧酒
1068,弧酒档
1069,弧酒毫
1070,弧酒毫夸
1071,弧酒烈
1072,弧酒林绊酵绢
1073,弧酒临霸
1074,弧酒临鳖
1075,弧酒临鳖夸
1076,弧酒临膊
1077,弧酒临簿
1078,弧酒临贰
1079,弧酒临荐乐绢
1080,弧酒临咯
1081,弧酒拎
1082,弧绢
1083,弧绢怯绢冠绢
1084,弧磊
1085,弧磊两
1086,弧烹
1087,华焊叼
1088,华焊厚
1089,华港港
1090,华港港
1091,槐脚
1092,槐景
1093,槐纠
1094,徊钮
1095,徊酒坏弊府
1096,坏钮
1097,坏欧
1098,坏福唱
1099,坏福呈
1100,坏福畴
1101,坏绢钮
1102,欢钮
1103,欢啊
1104,欢搀
1105,欢蜡
1106,还畴
1107,杗痹
1108,杗钮
1109,黄脚
1110,磺福畴
1111,磺瘤
1112,磺钮
1113,磺肺畴
1114,磺福唱
1115,磺福呈
1116,磺磺磺
1117,磺零
1118,磺妈
1119,蝗钮
1120,皇畴
1121,皇肺畴
1122,煌舅
1123,恍脚
1124,恍纠
1125,蛔舅
1126,回旷脚
1127,毁脚
1128,贿备
1129,贿操
1130,贿府齿
1131,秽备
1132,绘纠
1133,绘疆
1134,绘景
1135,さたぁぁたさび
1136,さた鳖さび
1137,さた鳖矫
1138,さだあち
1139,さだあびしち
1140,さだ播
1141,さつ柠
1142,さび崔斥
1143,さび迫
1144,ささび骇斥
1145,ささび阂倔
1146,ささび何饿
1147,さた鳖
1148,さたぁぁた矫
1149,さたあた
1150,さたあたさび
1151,さだ差
1152,さだ尝
1153,さだあび
1154,さつ尝
1155,さつぁ
1156,さつあび
1157,さび冠
1158,さび骇
1159,さび弧
1160,さび涝迫
1161,さび婆
1162,荤あた矫
1163,荤鳖さび
1164,荤鳖矫
1165,荤居圚
1166,荤芒啊
1167,荤ぁぁたさび
1168,荤ぁぁた矫
1169,荤哎攀捞
1170,荤あた
1171,荤あたさび
1172,荤鳖摹
1173,荤捞滚冀胶
1174,荤墨矫
1175,荤墨摹
1176,混牢泅厘
1177,伙锋捞
1178,火涝
1179,获宾矫
1180,惑仇
1181,惑斥
1182,惑畴公
1183,货あち
1184,货播
1185,货差
1186,货吺
1187,货尝
1188,货俊尝
1189,货夫
1190,货虐
1191,货X
1192,祸あび
1193,祸尝
1194,祸せち
1195,祸募
1196,祸凹
1197,祸榜
1198,祸堡
1199,祸扁
1200,祸播
1201,祸巢
1202,祸赤
1203,祸付
1204,祸荐
1205,祸浆
1206,祸胶
1207,祸胶内府酒
1208,祸茎
1209,祸静
1210,祸虐
1211,祸颇飘呈
1212,祸且
1213,祸轻
1214,祸洒
1215,樄播
1216,积剧酒摹
1217,樔
1218,箕居赤
1219,箕居斥
1220,箕反
1221,箕阂斥
1222,讥斥
1223,姬斥
1224,姬逞
1225,姬仇
1226,姬雌
1227,姬厩斥
1228,姬厩楷
1229,辑剧磺福畴
1230,辑剧捞慧捞
1231,?
1232,己版氰
1233,己包拌
1234,己气青
1235,己皑措
1236,己霸矫魄
1237,己败腊
1238,己绊刮惑淬
1239,己苞冀胶
1240,己背力
1241,己扁备
1242,己焊炼扁备
1243,己冀胶
1244,己槛赤
1245,己垮备
1246,己牢岸矾府
1247,己牢霸矫魄
1248,己牢必厘
1249,己牢愁捞巩拳
1250,己牢措拳规
1251,己牢悼康惑
1252,己牢靛扼付
1253,己牢父拳
1254,己牢荤捞飘
1255,己牢磊丰角
1256,己牢霸烙
1257,己牢傍埃
1258,己牢弊府绊冀胶
1259,己牢唱扼
1260,己牢穿靛
1261,己牢春胶
1262,己牢措拳
1263,己牢父拳唱扼
1264,己牢父拳玫惫
1265,己牢噶啊
1266,己牢隔
1267,己牢公丰
1268,己牢公丰悼康惑
1269,己牢公丰荤捞飘
1270,己牢公丰康拳
1271,己牢公厚
1272,己牢拱
1273,己牢固胶珐农
1274,己牢固泼规
1275,己牢规
1276,己牢规价
1277,己牢规价惫
1278,己牢规价救郴
1279,己牢喊邦
1280,己牢厚低
1281,己牢厚叼坷
1282,己牢荤捞飘家俺
1283,己牢荤柳
1284,己牢惑前
1285,己牢积规价
1286,己牢讥
1287,己牢辑利
1288,己牢己背腊胶酿
1289,己牢家赤版
1290,己牢家扼啊捞靛
1291,己牢家汲
1292,己牢碱
1293,己牢碱俏
1294,己牢碱俏隔
1295,己牢矫飘霓
1296,己牢轿捞飘
1297,己牢局聪
1298,己牢局聪皋捞记
1299,己牢具悼
1300,己牢具荤
1301,己牢具汲
1302,己牢具姆
1303,己牢具拳
1304,己牢俊肺公厚
1305,己牢俊肺康拳
1306,己牢勘扁
1307,己牢勘扁DAMOIM
1308,己牢康惑
1309,己牢康拳
1310,己牢康拳包
1311,己牢康拳唱扼
1312,己牢康拳规
1313,己牢康拳技惑
1314,己牢康拳玫惫
1315,己牢客饭令
1316,己牢侩
1317,己牢侩前
1318,己牢侩前档概季磐
1319,己牢侩前讥
1320,己牢侩前俊肺粮
1321,己牢侩前傈巩碱俏隔
1322,己牢侩前且牢概厘
1323,己牢侩CD
1324,己牢蜡赣
1325,己牢捞固瘤
1326,己牢老夯
1327,己牢磊丰
1328,己牢棱瘤
1329,己牢傈侩包
1330,己牢傈侩沥焊
1331,己牢沥焊
1332,己牢盲泼
1333,己牢锚
1334,己牢玫惫
1335,己牢眉困
1336,己牢墨坯
1337,己牢墨其
1338,己牢牧刨明
1339,己牢努反
1340,己牢器呕
1341,己牢敲贰浆
1342,己牢敲贰矫
1343,己牢拳惑
1344,己牢拳惑盲泼
1345,己牢CD
1346,己牢IJ
1347,己老敲贰浆
1348,己眉困
1349,己眉氰
1350,己眠青
1351,己面悼
1352,己努府葱
1353,己抛农葱
1354,己青困
1355,技吺
1356,技俊尝
1357,技柠
1358,技虐
1359,技霸弧酒
1360,技播
1361,技差
1362,技尝
1363,技红穿靛村哪
1364,技红冀矫
1365,技咀胶
1366,技俊静
1367,技俊竣胶
1368,技竣
1369,技竣荐快
1370,技竣胶
1371,技老矾巩
1372,技辆措空
1373,冀胶
1374,冀茎
1375,冀吧
1376,冀吧村哪
1377,冀榜
1378,冀榜村哪
1379,冀巢
1380,冀赤
1381,冀档快令
1382,冀哆
1383,冀付
1384,冀公厚
1385,冀港港
1386,冀家府
1387,冀荐
1388,冀浆
1389,冀酱
1390,冀矫
1391,冀矫岸矾府
1392,冀矫吧
1393,冀矫霸捞飘
1394,冀矫唱扼
1395,冀矫唱捞飘
1396,冀矫穿靛
1397,冀矫春胶
1398,冀矫概芭柳
1399,冀矫甘
1400,冀矫公厚
1401,冀矫荤柳
1402,冀矫讥
1403,冀矫己牢侩前
1404,冀矫冀胶内府酒
1405,冀矫胶鸥
1406,冀矫脚巩
1407,冀矫揪浚浚
1408,冀矫酒捞力捞
1409,冀矫俊肺村哪
1410,冀矫浚隔
1411,冀矫浚TV
1412,冀矫楷抗牢
1413,冀矫犁埔
1414,冀矫炼急
1415,冀矫粮
1416,冀矫炉
1417,冀矫锰
1418,冀矫内叼
1419,冀矫内府酒
1420,冀矫努反
1421,冀矫努腐
1422,冀矫泼窍磊
1423,冀矫埔萍
1424,冀矫TV
1425,冀矫WAVE
1426,冀静
1427,冀萍浆
1428,冀萍琉
1429,冀颇飘呈
1430,冀窍绊
1431,冀窍备
1432,冀窍磊
1433,冀窍厘
1434,冀茄锅
1435,冀且
1436,冀秦
1437,冀洒
1438,冀S
1439,季胶叼胶
1440,橩扁
1441,尖扁
1442,尖尝
1443,櫢尝
1444,櫢荐
1445,櫢胶
1446,櫢茎
1447,櫢静
1448,櫨尝
1449,兼虐
1450,碱吧努反
1451,碱快噶啊
1452,碱欧
1453,碱欧悼康惑
1454,碱欧冀胶
1455,碱欧冀胶内府酒
1456,碱欧俊肺
1457,荐鸥欧
1458,荐欺盖
1459,槛葛港港
1460,键昏虐
1461,溅播
1462,溅尝
1463,溅府
1464,溅捞
1465,溅捞葫
1466,溅虐
1467,涧凹
1468,涧播
1469,涧募
1470,涧荐
1471,涧胶
1472,涧茎
1473,涧静
1474,涧洒
1475,歺歹欢
1476,殏扁
1477,殏尝
1478,殏募
1479,殏虐
1480,浆惯
1481,浆闺
1482,浆桂
1483,浆国
1484,浆害
1485,浆杭
1486,浆擴
1487,浆阂
1488,浆呼
1489,浆颇
1490,浆婆
1491,浆迫
1492,浆籖
1493,浆籛
1494,浆莆
1495,浆妻
1496,浆官
1497,浆规
1498,浆规溅捞
1499,浆骇
1500,浆贺
1501,浆狐??
1502,浆糊
1503,浆弧
1504,浆户技捞
1505,浆捞官
1506,浆捞惯
1507,浆捞规
1508,浆捞闺
1509,浆捞国
1510,浆捞阂
1511,浆捞贺
1512,浆捞糊
1513,浆捞弧
1514,浆捞迫
1515,浆捞妻
1516,浆捞钱
1517,浆钱
1518,江还
1519,江迫
1520,江弧
1521,江嘉府
1522,殤舅
1523,奖悸
1524,奖截
1525,奖疥
1526,奖洰
1527,奖舅
1528,奖举
1529,奖攀
1530,奖さだ
1531,奖さつ
1532,奖货
1533,奖积备府
1534,奖箕柠
1535,奖技
1536,奖且捞
1537,讲货
1538,讲技
1539,胶惯
1540,胶骇
1541,胶呈橇
1542,胶酿吧
1543,胶挪奖
1544,胶鸥久扁
1545,胶鸥欧
1546,胶飘赋碱
1547,胶飘赋兢
1548,胶菩欧
1549,胶曝
1550,胶曝欧
1551,胶妻
1552,嚼迫
1553,毭惯
1554,毭闺
1555,毭国
1556,毭骇
1557,毭弧
1558,毭婆
1559,毭迫
1560,毭规
1561,毭豪
1562,毮婆
1563,氃斥
1564,氃技
1565,氃舅
1566,氃举
1567,氃锯
1568,氃龙
1569,氃箕柠
1570,氈迫
1571,矫臂斥
1572,矫崔斥
1573,矫冠
1574,矫惯
1575,矫灌
1576,矫揗
1577,矫揚
1578,矫揤
1579,矫揥
1580,矫闺
1581,矫搖
1582,矫骇
1583,矫含
1584,矫擴
1585,矫攂
1586,矫呼
1587,矫弧
1588,矫居逞
1589,矫居斥
1590,矫居仇
1591,矫居串
1592,矫剧逞
1593,矫剧斥
1594,矫剧仇
1595,矫涝迫
1596,矫婆
1597,矫籒
1598,矫迫
1599,矫迫逞
1600,矫迫仇
1601,矫籖
1602,矫籗
1603,矫籥
1604,矫妻
1605,矫沏
1606,矫絤
1607,矫絫
1608,矫尝
1609,矫大
1610,矫大酒
1611,矫淡
1612,矫淡酒
1613,矫官
1614,矫惯逞
1615,矫惯斥
1616,矫惯仇
1617,矫规货
1618,矫规技
1619,矫规溅
1620,矫桂
1621,矫搩
1622,矫国
1623,矫骇逞
1624,矫骇货虐
1625,矫何饿
1626,矫何凡
1627,矫何府
1628,矫阂
1629,矫贺
1630,矫旐
1631,矫宏饿
1632,矫喉
1633,矫酒串
1634,矫剧串
1635,矫捞惯
1636,矫捞规
1637,矫捞闺
1638,矫捞国
1639,矫捞阂
1640,矫捞贺
1641,矫捞糊
1642,矫捞钱
1643,侥婆
1644,侥迫
1645,脚付淬
1646,角府能窍快胶己牢侩前
1647,角闺
1648,角厚酒
1649,饺籛雌
1650,缴具TV
1651,缴茄器福畴
1652,绞8
1653,绞仇
1654,绞闺
1655,绞货
1656,绞货募
1657,绞祸
1658,绞溅
1659,绞澮
1660,绞舅
1661,绞啃
1662,绞龙
1663,绞攀备府
1664,绞迫
1665,绞迫斥
1666,绞迫访
1667,绞迫楷
1668,绞且斥
1669,绞且访
1670,绞赤
1671,绞锭尝
1672,绞锭播
1673,绞都尝
1674,绞货播
1675,绞货尝
1676,绞货虐
1677,绞祸播
1678,绞祸尝
1679,绞祸洒
1680,绞技
1681,绞技尝
1682,绞尖府
1683,绞櫸扁
1684,绞溅府
1685,绞溅捞
1686,绞涧
1687,绞涧洒
1688,绞矫尝
1689,绞截
1690,绞截播
1691,绞疥尝
1692,绞揪虐
1693,绞谅瘤
1694,绞芒
1695,绞攀
1696,绞且
1697,剿迫
1698,剿絫
1699,剿尝
1700,剿弧
1701,教惯
1702,氹迫
1703,氻迫
1704,氼迫
1705,酵舅
1706,酵迫
1707,ざび惯
1708,ざび骇斥
1709,ざび阂倔
1710,ざび阂斥
1711,ざび喉斥
1712,ざび何饿
1713,ざ1惯
1714,ざ1迫
1715,ざげぉけ
1716,ざげか
1717,ざたあた
1718,ざつぁ
1719,ざてあび
1720,ざて尝
1721,ざL迫
1722,轿哎
1723,轿崔
1724,轿惯
1725,轿搖
1726,轿居逞
1727,轿居串
1728,轿居圚
1729,轿居雌
1730,轿捞内
1731,轿啊瘤
1732,轿霸秦临膊
1733,轿绊矫器
1734,轿惯斥
1735,轿居赤
1736,轿居斥
1737,轿捞目
1738,轿临膊
1739,较酒零
1740,较斥
1741,较荐
1742,较静府村哪
1743,较酒瘤
1744,接摹扁
1745,皆斥
1746,港港
1747,街逞
1748,街仇
1749,街嚋
1750,街川
1751,街圚
1752,街惩
1753,街畴公
1754,街仇酒
1755,街储唱
1756,街搐
1757,街厩楷
1758,街楷
1759,截播
1760,截尝
1761,截府
1762,截闺斥
1763,截募
1764,截虐
1765,杰烹
1766,竭隔墨
1767,竭港港
1768,竭港港兢
1769,竭兢
1770,竭酒促
1771,竭器福畴
1772,竭MOLCA
1773,沊居逞
1774,沊居赤
1775,沊居斥
1776,沊居串
1777,沊居圚
1778,沊居雌
1779,沊哎攀
1780,沊反
1781,沷祸
1782,沷交
1783,沷侥
1784,洁
1785,泍播
1786,结臂逞
1787,结臂斥
1788,结臂仇
1789,结臂串
1790,结臂雌
1791,结臂
1792,结国
1793,解阑逞
1794,解阑斥
1795,解阑仇
1796,解阑串
1797,解阑雌
1798,疥尝
1799,疥反
1800,疥播
1801,疥馋
1802,疥馋茄
1803,疥竣
1804,疥竣胶
1805,洰
1806,涖あび
1807,涖尝
1808,涗胶
1809,渏逞
1810,渏斥
1811,渜凹
1812,渜播
1813,渜募
1814,渜荐
1815,渜胶
1816,渜茎
1817,渜静
1818,茎国
1819,惊斥
1820,惊货
1821,井尝
1822,井反
1823,井府
1824,滘扁
1825,滘尝
1826,滘荐
1827,滘胶
1828,滘茎
1829,滘静
1830,滘募
1831,警官
1832,警冠
1833,警惯
1834,警闺
1835,警骇
1836,警弧
1837,警弧逞
1838,警捞惯
1839,警涝货
1840,警颇
1841,警婆
1842,港港
1843,警歧
1844,警弃
1845,警大酒
1846,警官扼
1847,港港
1848,港港溅捞
1849,警国
1850,警何
1851,警何凡
1852,警阂
1853,警贺
1854,警狐
1855,警糊
1856,警户
1857,警户技捞
1858,警还
1859,警捞官
1860,警捞规
1861,警捞闺
1862,警捞国
1863,警捞何
1864,警捞阂
1865,警捞贺
1866,警捞糊
1867,警捞弧
1868,警捞迫
1869,警捞妻
1870,警捞钱
1871,警妻
1872,警钱
1873,警浅
1874,漝斥
1875,漝惯
1876,漝货
1877,漝舅
1878,漝龙
1879,漝芒
1880,漝攀
1881,漝疥尝
1882,漟弧
1883,漟还
1884,漟颇扼
1885,漟婆
1886,静臂
1887,静臂逞
1888,静臂斥
1889,静大
1890,静胆
1891,静淡
1892,静官
1893,静冠
1894,静惯
1895,静惯逞
1896,静灌
1897,静杭
1898,静豪
1899,静擴
1900,静阂
1901,静旐
1902,静喉
1903,静颇
1904,静臂仇
1905,静臂雌
1906,静饭扁
1907,静规
1908,静闺
1909,静滚
1910,静国
1911,静何
1912,静贺
1913,静宏凡
1914,静糊
1915,静滑
1916,静栏规
1917,静栏国
1918,静捞官
1919,静捞惯
1920,静捞规
1921,静捞闺
1922,静捞国
1923,静捞何
1924,静捞阂
1925,静捞贺
1926,静捞糊
1927,静捞迫
1928,静捞妻
1929,静捞钱
1930,静婆
1931,静迫
1932,静妻
1933,静钱
1934,竟货
1935,竟舅
1936,竟货尝
1937,竞搭
1938,竞大
1939,竞淡
1940,竞官
1941,竞惯
1942,竞灌
1943,竞闺
1944,竞桂
1945,竞跪
1946,竞国
1947,竞骇
1948,竞含
1949,竞豪
1950,竞擴
1951,竞敺
1952,竞何妨
1953,竞喉
1954,竞婆
1955,竞迫
1956,竞籖
1957,竞掐
1958,竞胆
1959,竞规
1960,竞籒
1961,澅
1962,澓舅
1963,揪胆
1964,揪淡
1965,揪否扁
1966,揪官
1967,揪官扼
1968,港港
1969,揪灌
1970,揪光
1971,揪揗
1972,揪揚
1973,揪換
1974,港港货
1975,揪揤
1976,揪桂
1977,揪搖
1978,揪国斥
1979,揪害
1980,揪骇
1981,揪骇斥
1982,揪含
1983,揪豪
1984,港港
1985,揪擵
1986,揪攂
1987,揪攍
1988,揪荷
1989,揪何饿
1990,揪何妨
1991,揪阂斥
1992,揪阂倔
1993,揪恒
1994,揪宏凡
1995,揪喉斥
1996,揪糊
1997,港港
1998,揪暼
1999,揪还
2000,揪栢
2001,揪栣
2002,揪辉
2003,揪卉
2004,揪居逞
2005,揪居斥
2006,揪居仇
2007,揪居串
2008,揪剧逞
2009,揪剧斥
2010,揪剧仇
2011,揪剧串
2012,揪剧充
2013,揪捞大
2014,揪捞惯
2015,揪攀
2016,揪呸
2017,揪颇
2018,揪婆
2019,揪籒
2020,港港
2021,揪籖
2022,揪籗
2023,揪籜
2024,揪莆
2025,揪钱
2026,揪浅
2027,揪且
2028,揪8
2029,揪彩饿
2030,揪尝
2031,揪穿靛21
2032,揪大
2033,揪大斥
2034,揪饭扁
2035,揪冠
2036,揪冠货尝
2037,港港逞
2038,港港斥
2039,港港仇
2040,港港仇酒
2041,港港
2042,港港技
2043,港港溅
2044,揪揥
2045,揪闺
2046,揪闺斥?
2047,揪闺仇
2048,揪桂仇
2049,揪桂酒
2050,揪国
2051,揪豪舅
2052,揪何筏
2053,揪何凡
2054,揪何贩
2055,揪何府
2056,揪何倔
2057,揪贺
2058,揪旐
2059,揪宏
2060,揪宏饿
2061,揪喉
2062,揪狐
2063,揪磺饿
2064,揪捞官
2065,揪捞规
2066,揪捞闺
2067,揪捞国
2068,揪捞何
2069,揪捞阂
2070,揪捞贺
2071,揪捞糊
2072,揪捞弧
2073,揪捞迫
2074,揪捞钱
2075,揪涝斥
2076,揪涝搐
2077,揪颇??
2078,港港斥
2079,揪妻
2080,揪鞘
2081,玖舅
2082,澝冠
2083,澝惯
2084,澝舅
2085,久
2086,久斥
2087,久仇
2088,久锭尝
2089,久都尝
2090,久国
2091,久舅
2092,港港
2093,久攀
2094,久攀备府
2095,久迫
2096,久迫斥
2097,久迫访
2098,久迫楷
2099,港港
2100,港港访
2101,港港楷
2102,久8
2103,久矮辨
2104,久逞
2105,久搐
2106,久迭册
2107,久锭播
2108,久都
2109,久拱
2110,久闺
2111,久港港
2112,久港港斥
2113,久喉
2114,久糊
2115,久弧
2116,久还
2117,久货
2118,久货播
2119,久货尝
2120,久货募
2121,久货虐
2122,久祸播
2123,久祸尝
2124,久祸洒
2125,久畸辨
2126,久积舅
2127,久技
2128,久技尝
2129,久技捞
2130,久悸唱风
2131,久溅
2132,久溅府
2133,久溅捞
2134,久涧
2135,久涧洒
2136,久矫尝
2137,久截
2138,久截扁
2139,久截播
2140,久截尝
2141,久截虐
2142,久疥
2143,久疥尝
2144,久揪虐
2145,久楷
2146,久港港斥
2147,久龙
2148,久妻
2149,久钱
2150,灸惯
2151,灸国
2152,灸尝
2153,灸还
2154,灸掐
2155,澥迫
2156,澪斥
2157,澪迫
2158,しだじた
2159,しだ磊
2160,しち汲
2161,しち茄荤柳
2162,したぁたぉび
2163,した啊府
2164,したぁた府
2165,しだ斥
2166,しだけび
2167,しだげび
2168,しだ厚
2169,しだ固
2170,しつけび
2171,しつ固
2172,ち悼
2173,で
2174,酒啊府
2175,酒褒
2176,酒奔芒
2177,酒ぁた府
2178,酒啊ぉび
2179,酒哎
2180,酒哎捞
2181,酒哎烹
2182,酒备瘤
2183,酒备芒
2184,酒备烹
2185,酒奔
2186,酒付吧器福畴
2187,酒捞矾宏俊肺胶酿
2188,酒捞袍概聪酒
2189,酒捞袍皋聪酒
2190,酒捞袍海捞
2191,酒捻酒杭
2192,酒欺混混秦
2193,救俊荤沥
2194,舅个
2195,舅个傍俺
2196,舅个荤柳
2197,舅个碱
2198,舅官吧
2199,舅官备窃
2200,舅官赤
2201,舅官盖
2202,舅官厚
2203,舅官率瘤
2204,鞠钠
2205,局斥
2206,局掁
2207,局固
2208,局げび
2209,局晳
2210,局厚
2211,局じた
2212,局磊
2213,局谅
2214,局澄涝4
2215,局肺拱
2216,局肺康拳
2217,局付何牢
2218,局公
2219,局固??
2220,局厚??
2221,局咀
2222,局磊概
2223,局鲤
2224,沮捍
2225,港港
2226,巨国捞
2227,具霸烙令村齿
2228,具辟捍悼
2229,具膊烙
2230,具驳
2231,具赤
2232,具耽
2233,?耽
2234,瀵耽
2235,具悼
2236,?悼
2237,瀵悼
2238,具悼霸矫魄
2239,具端
2240,?荤
2241,瀵荤
2242,具汲
2243,?汲
2244,瀵汲
2245,具汲傍累家
2246,具汲脚拳
2247,具汲狼巩
2248,具冀
2249,具浆浆
2250,具矫25TV
2251,具矫吧
2252,具矫操府
2253,具矫赤
2254,具矫珐农
2255,具矫冯
2256,具矫矫
2257,具矫姆
2258,具矫内府酒
2259,具矫MOLCA
2260,具矫MTV
2261,具局聪
2262,具坷困
2263,具夸捞
2264,具磊丰
2265,具姆
2266,具ぞたい
2267,?茄
2268,具茄悼康惑
2269,具茄荤凋
2270,具茄荤柳
2271,具茄芭
2272,具茄吧
2273,具茄巴
2274,具茄霸烙
2275,具茄弊覆
2276,具茄仇
2277,具茄仇SEX
2278,具茄穿靛
2279,具茄父拳
2280,具茄广萍宏捞
2281,具茄广TV
2282,具茄荤捞飘
2283,具茄家汲
2284,具茄碱村哪
2285,具茄康拳
2286,具茄捞具扁
2287,具茄努反
2288,踞悼康惑
2289,踞抗扁
2290,句けた
2291,句付
2292,剧したずび
2293,剧した摹
2294,剧酒摹
2295,剧斥
2296,剧酒
2297,绢府滚府
2298,绢骸
2299,倔埃捞
2300,决付粒
2301,决芒
2302,钧耽捞
2303,俊聪啪
2304,俊肺
2305,俊肺拱
2306,俊肺康拳
2307,俊肺69
2308,俊肺69TV
2309,俊肺79
2310,俊肺吧令
2311,俊肺霸捞飘
2312,俊肺霸烙
2313,俊肺包
2314,俊肺必厘
2315,俊肺聪迄
2316,俊肺村哪
2317,俊肺寸
2318,俊肺单捞
2319,俊肺悼
2320,俊肺悼康惑
2321,俊肺扼捞宏
2322,俊肺公厚
2323,俊肺孤流厚叼坷
2324,俊肺官促
2325,俊肺规萍宏
2326,俊肺硅快
2327,俊肺厚
2328,俊肺厚叼坷
2329,俊肺厚救唱捞飘
2330,俊肺讥
2331,俊肺技老
2332,俊肺冀胶TV
2333,俊肺家扼啊捞靛
2334,俊肺碱
2335,俊肺胶
2336,俊肺胶单捞
2337,俊肺胶酒矫酒
2338,俊肺胶犁埔
2339,俊肺胶内府酒
2340,俊肺胶酿
2341,俊肺胶鸥
2342,俊肺胶鸥老
2343,俊肺胶其既
2344,俊肺胶器蜡
2345,俊肺胶TV
2346,俊肺矫匙付
2347,俊肺矫救村哪
2348,俊肺矫萍
2349,俊肺揪匙
2350,俊肺酒矫酒
2351,俊肺具
2352,俊肺俊胶
2353,俊肺浚炼捞
2354,俊肺康拳包
2355,俊肺棵
2356,俊肺客捞橇
2357,俊肺捞宏
2358,俊肺粮
2359,俊肺林
2360,俊肺迷康泅厘
2361,俊肺墨
2362,俊肺努腐
2363,俊肺捧蜡
2364,俊肺平内府酒
2365,俊肺颇农
2366,俊肺菩萍矫
2367,俊肺埔萍
2368,俊肺敲贰浆
2369,俊肺鞘抚
2370,俊掁
2371,俊固粒
2372,竣胶畴宏扼
2373,竣胶葛炮
2374,竣胶磐矫
2375,骏捍
2376,港港
2377,咯己己牢侩前
2378,咯己磊困扁备
2379,咯磊冈绊
2380,咯磊个
2381,咯磊港港
2382,楷捍
2383,楷洪
2384,楷牢荤捞己牢讥
2385,堪捍
2386,堪捍且
2387,勘扁俊肺
2388,勘扁利牢冀胶
2389,砍冈
2390,砍冈绢
2391,康拌
2392,考捍
2393,坷鳖付
2394,坷饿
2395,坷凡
2396,坷凡冀胶
2397,坷坊瘤具悼
2398,坷福啊娇
2399,坷福啊硫
2400,坷付淬
2401,坷付捞俊肺
2402,坷狐酒颇
2403,坷狐酒颇村哪
2404,坷狐酒欺
2405,坷己牢
2406,坷抗己牢康拳
2407,棵啊硫
2408,渴滚弊
2409,渴哈扁扁
2410,渴哈扁扁霸烙
2411,克赤
2412,客饭令
2413,空啊胶
2414,空蝶
2415,空港港
2416,空家技瘤
2417,空港港
2418,夸揪大
2419,挎捍
2420,挎敺
2421,挎洪
2422,胯敺
2423,筷冈绢
2424,快扼龙
2425,快饿龙
2426,盔炼舅官
2427,盔檬利
2428,盔撇腐其捞
2429,岿版
2430,蜡规
2431,蜡滴
2432,蜡龋鞘抚
2433,蜡蕊
2434,腊豪
2435,腊矫饿
2436,腊矫凡
2437,腊癌
2438,腊备磊技
2439,辣洪
2440,辣埃
2441,辣遏
2442,澜版
2443,澜淬菩汲
2444,澜鄂
2445,澜付己傈
2446,澜冠切堪
2447,捞芭夯荤恩篮
2448,捞吧夯荤恩篮
2449,捞赤唱
2450,捞斥
2451,捞馆己牢侩前隔
2452,捞矫尝
2453,捞磊侥
2454,牢磐齿己牢规价
2455,老夯悼康惑
2456,老夯噶啊
2457,老夯固家赤
2458,老夯磺福畴
2459,老夯己牢父拳
2460,老夯己牢规价
2461,扉蜾
2462,老柳雀
2463,扉蜾
2464,烙けた
2465,烙付
2466,烙葫且
2467,涝蹿ずっ
2468,涝蹿ずづ
2469,涝林嫡捞
2470,涝荤饶厘
2471,涝救荤沥
2472,じぁ
2473,じたじび
2474,じび饿
2475,じ1饿
2476,じぁ父巢
2477,じぁじぁ
2478,じた≮快
2479,じたしは
2480,じた快び
2481,üたüび
2482,じL饿
2483,磊泵
2484,磊交酒
2485,磊困
2486,港港
2487,磊酒瘤
2488,磊困扁备
2489,磊困巢
2490,磊困赤
2491,磊困纠
2492,磊困侩前
2493,磊困吝
2494,磊困内府酒
2495,磊困窍磊
2496,磊困且贰
2497,磊困青困
2498,磊零
2499,磊JI
2500,肋弧酒
2501,棱斥
2502,棱攀斥
2503,棱仇
2504,棱搐
2505,棱逛
2506,梨判
2507,犁饿
2508,犁埔付唱
2509,犁埔父拳
2510,犁埔埔萍
2511,历鳖
2512,历彩瓢
2513,历劒瓢
2514,历鳖??
2515,历鳖绰
2516,历鳖瓢
2517,历斥
2518,历狐瘤霸
2519,历护
2520,历箕虐
2521,历磊侥
2522,历林臂
2523,历琉埔萍
2524,利啊瓢
2525,利彩瓢
2526,利寂临鳖
2527,利寂临膊
2528,利寂临贰
2529,傈唱霸
2530,傈唱备妨
2531,傈炼扒
2532,傈拳规
2533,爦出
2534,立逛
2535,粒逛
2536,粒啊瓢
2537,粒鞍篮
2538,粒鳖
2539,粒鳖绰
2540,粒唱
2541,粒唱霸
2542,粒付抄
2543,粒父茄
2544,粒狐瘤霸
2545,粒篮埔萍
2546,镘
2547,沥冠酒
2548,沥仿
2549,沥仿碍拳侩前
2550,沥仿埔萍
2551,沥仿器呕
2552,沥荤纠葛澜
2553,沥荤盲澄
2554,沥咀
2555,沥快己牢侩前傈巩痢
2556,隶
2557,隶啊娇
2558,隶啊瓢
2559,隶鞍篮
2560,隶绊锹
2561,隶鳖
2562,隶鳖绰
2563,隶怖瘤
2564,隶唱??
2565,隶唱霸
2566,隶档
2567,隶付抄
2568,隶父茄
2569,隶拱
2570,隶逛
2571,隶狐瘤霸
2572,隶篮埔萍
2573,隶攀捞
2574,隶烹
2575,爼聪
2576,力捞力捞老夯己牢父拳
2577,廉彩瓢
2578,港港
2579,炼扒父巢
2580,炼冰
2581,炼昌
2582,炼语た
2583,炼嫡酒府
2584,炼饿
2585,炼廁
2586,炼风
2587,炼护
2588,炼贿府
2589,炼坷鳖
2590,炼苛鞍匙
2591,炼渴唱
2592,炼渴唱霸
2593,炼判
2594,炼啊厚
2595,炼啊簐
2596,炼背荤
2597,港港绰
2598,港港扼
2599,港港摹
2600,港港瓢
2601,炼瘪促
2602,炼搏父巢
2603,炼昌匙
2604,炼肚
2605,炼狐
2606,炼狐扼
2607,炼狐瘤霸
2608,炼坷肚
2609,炼里捞
2610,炼瘤衬
2611,炼柳促
2612,炼龙贰
2613,炼墨坯
2614,练埃匙
2615,练鞍匙
2616,练鞍篮?
2617,练鳖
2618,练叠
2619,练逛
2620,犦
2621,粮いた
2622,粮唱
2623,粮斥
2624,粮父捞
2625,粮噶捞
2626,粮竿备
2627,粮唱??
2628,粮唱霸
2629,粮聪
2630,粮付唱
2631,粮付抄
2632,粮父
2633,粮父茄
2634,犩鳖
2635,犩蝶
2636,凉扼
2637,凉扼霸
2638,凉扼盖
2639,凉扼具茄村哪
2640,粱父酒
2641,粱拱
2642,良逛
2643,良护
2644,良斥
2645,两
2646,犺あた
2647,犺鳖
2648,辆埃唱
2649,辆唱
2650,辆酒府
2651,港
2652,晾
2653,了饿
2654,烈鳖簐
2655,烈墨怕
2656,烈墨抛
2657,烈拟怕
2658,烈拟抛
2659,烈拟啤
2660,烈墨坯
2661,烈拟都
2662,猎唱
2663,猎聪
2664,猎父斥
2665,猎父仇
2666,扼
2667,
2668,唱
2669,
2670,琳唱
2671,琳刺
2672,
2673,
2674,林大捞
2675,林嫡捞
2676,林快嫡捞
2677,林芭扼
2678,林嫡酒府
2679,林刮殿废锅龋积己扁
2680,林刮殿废积己扁
2681,磷绊酵瘤臼促搁
2682,磷篮斥
2683,磷阑斥
2684,磷阑仇
2685,磷牢斥
2686,磷老波
2687,磷老仇
2688,
2689,菱挤促
2690,零饿
2691,零嶶
2692,零凡
2693,零费
2694,零廁
2695,令饿
2696,令凡
2697,溜惯
2698,榴辨赤
2699,榴辨己牢
2700,榴辨咯
2701,饿
2702,嶐
2703,嶶
2704,费
2705,廁
2706,饿栋衬
2707,瘤崔
2708,瘤搭
2709,瘤饿
2710,瘤二
2711,瘤筏
2712,瘤嶶
2713,瘤廁
2714,瘤枫
2715,瘤饿公瘤俺
2716,瘤饿火瞒扁
2717,瘤饿接摹扁
2718,瘤饿腊癌
2719,瘤饿捞
2720,瘤饿窍
2721,瘤饿窍绰
2722,瘤饿秦
2723,瘤凡
2724,瘤费
2725,瘤固凡
2726,瘤港
2727,龙舅
2728,龙龙轿
2729,龙且
2730,笼绢媚
2731,すびすび
2732,すび骂
2733,すじ
2734,楼箕
2735,楼沊
2736,楼廉
2737,楼零
2738,楼瘤
2739,芦瘤
2740,炉唱
2741,炉唱匙
2742,掳妨
2743,录搏
2744,铝逛
2745,逛
2746,律あた
2747,律鳖
2748,律促
2749,律啊府
2750,律哎
2751,律扒
2752,律鳖瓢
2753,律搏
2754,律狐扼
2755,律湖促
2756,滤いた
2757,滤唱
2758,滤拱
2759,挛护
2760,挛逛
2761,鞍
2762,罗宽
2763,罗罗
2764,骂掺贰扁
2765,骂饿
2766,骂骂
2767,骂芭
2768,骂饿捞
2769,骂瘤府
2770,骂すび
2771,吗蝶
2772,筱
2773,港港
2774,芒巢
2775,芒储
2776,港港锰
2777,港港
2778,芒搐
2779,芒咯
2780,盲澄饭靛TV
2781,盲况拎
2782,貌赤
2783,貌斥
2784,貌搐
2785,贸赣芭
2786,贸冈绢
2787,贸赤阜
2788,玫犁丛
2789,羧
2790,霉版氰
2791,没何
2792,没何混牢
2793,没何气仿
2794,眉困
2795,眉困悼康惑
2796,媚冈
2797,媚冈绢
2798,媚磷老
2799,檬磨
2800,盟盟
2801,锰斥
2802,锰仇
2803,弥澜力
2804,眠いづ
2805,免厘辑厚胶
2806,摹付加
2807,せだけ
2808,せだM
2809,せつ
2810,せたび
2811,せちけ
2812,墨冀
2813,墨冀胶
2814,墨靛
2815,墨快摹
2816,墨X
2817,漠扼冀胶
2818,某技尝
2819,某悸虐
2820,某叼倔妨
2821,某叼棵妨
2822,某顿倔妨
2823,某顿棵妨
2824,某鹅倔妨
2825,某鹅棵妨
2826,某矫倔妨
2827,某矫棵妨
2828,某矫滚弊
2829,某揪滚弊
2830,某揪倔妨
2831,某揪棵妨
2832,皟
2833,目匆傅备胶
2834,哪祸
2835,哪鸡
2836,哪技竣
2837,哪冀
2838,哪洰
2839,哪S
2840,哪X
2841,纳货欧
2842,纳浆滚弊
2843,纳浆倔妨
2844,纳浆棵妨
2845,纳矫滚弊
2846,眲
2847,内府酒己牢啊捞靛
2848,内府酒胶飘赋村哪
2849,内府酒竣胶颇老
2850,内府酒器肺畴
2851,内府救吧胶
2852,内冀胶
2853,能尝弊
2854,能导蹿磐
2855,能鞘
2856,尼鳖
2857,尼鳖磊
2858,蔫局沮
2859,蔫沮
2860,蔫骏
2861,娘匆傅备胶
2862,酿俊肺
2863,硿
2864,农府配府胶
2865,农覆吧
2866,奴斥
2867,奴仇
2868,奴港港
2869,奴港港
2870,努反俊肺
2871,努反AV胶鸥
2872,努府配府胶
2873,怒冀
2874,懦傅萍厚
2875,鸥何内府酒
2876,攀备府
2877,配呕俊肺
2878,硼企
2879,捧矩捧悼芭努反
2880,飘坊胶
2881,飘方敲傅
2882,漂荐能导
2883,菩聪胶
2884,菩记矩冀胶
2885,菩萍浆
2886,菩萍浆快刚
2887,菩萍矫
2888,埔萍
2889,埔萍牡叼
2890,朴扼摹坷
2891,圃导
2892,圃挤
2893,欺福畴
2894,栖钮
2895,戚祸
2896,戚冀
2897,其聪胶
2898,其肺阁
2899,其固导
2900,其萍吧
2901,其萍浆
2902,其萍浆矾宏
2903,其萍浆概芭柳
2904,其萍浆快刚
2905,其萍浆硫
2906,其萍浆内府酒
2907,其萍矫
2908,其泼
2909,奇挤
2910,奇界
2911,奇飘窍快胶
2912,奇萍
2913,歧扼萍坷
2914,畦导
2915,畦挤
2916,崎矫盖
2917,乞脚
2918,器福畴
2919,器版
2920,器い
2921,器畴
2922,器肺
2923,器肺畴
2924,器福
2925,器福唱
2926,器福呈
2927,器福畴荤柳
2928,器福畴技惑
2929,器福畴冀胶
2930,器福畴抛捞橇
2931,器福畴抛涝
2932,器福畴抛蕾
2933,器福蠢
2934,器福肺
2935,器柯冀
2936,迄督
2937,迄锅龋
2938,迄祸
2939,迄技竣
2940,迄冀
2941,迄冀胶
2942,迄涧
2943,迄劫
2944,迄洰
2945,迄栏肺
2946,迄泼
2947,迄X
2948,
2949,遣棱
2950,橇府冀胶
2951,敲贰捞焊捞
2952,敲饭捞焊捞2030
2953,敲饭捞焊捞家扼啊捞靛
2954,敲饭捞焊捞柯扼牢
2955,敲饭捞焊炼俺
2956,敲饭捞港港
2957,乔烙扁备
2958,乔烙侩前
2959,ぞぱしげぬい
2960,窍滴府
2961,窍靛内绢
2962,窍捞炮己牢CLUB+19
2963,ㄌㄇ
2964,茄锅踩磊
2965,茄锅林膊
2966,茄锅临贰
2967,茄胶抛捞己牢
2968,且鸥
2969,且磐
2970,怯酒林膊
2971,怯绢
2972,怯阑贰
2973,罜酒
2974,罜酒临膊
2975,窃措林鳖
2976,窃措临贰
2977,窃弧磊
2978,侵档弊TV
2979,侵己牢侩前
2980,亲巩
2981,秦乔俊肺
2982,勤鸥捞
2983,氢扁能导
2984,倾帎
2985,倾立
2986,倾塶
2987,倾国
2988,倾国芒
2989,倾良
2990,庆扼矾宏讥
2991,庆肺牢
2992,穷鸥捞
2993,秋肺快能导
2994,丘鸥捞
2995,龋肺
2996,龋分
2997,龋良
2998,龋成斥
2999,龋肺斥
3000,龋肺货府
3001,龋肺祸尝
3002,龋肺磊交
3003,龋肺磊侥
3004,龋葛冀扁
3005,龋葛疥尝
3006,龋豪技揪
3007,龋豪疥尝
3008,龋豪井府
3009,龋狐
3010,龋胶飘官
3011,龋胶飘狐
3012,龋胶萍胶
3013,龋剧斥
3014,龋抛胶官
3015,龋抛胶狐
3016,去澜
3017,去帕
3018,圈蹿
3019,圈坷磊侥
3020,拳成斥
3021,拳馋巢
3022,拳馋赤
3023,拳馋拱俺
3024,拳幅
3025,拳剧斥
3026,饶贰磊侥
3027,饶鳖矫
3028,饶促斥
3029,饶扼龙
3030,饶贰酒
3031,饶饭
3032,饶饭磊侥
3033,饶府磊
3034,饶副
3035,饶副斥
3036,饶厘
3037,饶厘涝荤
3038,壬媚焊扁
3039,蕊盒且
3040,蕊盒矫难
3041,蕊盒力
3042,蕊盒且赤
3043,锐罗
3044,洒肺煌
3045,ABUSE
3046,AC惯
3047,ADULT
3048,ADULTSEXSHOP
3049,ADULTVIDEO
3050,ADULTZONE
3051,ALBA
3052,ANAL
3053,APFHD
3054,AQUABALL
3055,ARB备窃
3056,ASIANGIRL
3057,ASS
3058,ASSHOLE
3059,AWOODONG
3060,BACASTV
3061,BACKBOJYTV
3062,BBAGOORI
3063,BBAGURY
3064,BDSM
3065,BEHEADING
3066,BESTBOZI
3067,BINYA
3068,BITCH
3069,BO瘤
3070,BOGY
3071,BOJI
3072,BOJY
3073,BOJYTY
3074,BOZI
3075,ㄎㄛㄦㄕ
3076,BOZICAM
3077,BOZY
3078,BUNSEC
3079,BUNSEK
3080,BYUNTAE
3081,BYUNTAESEX
3082,C8
3083,C大
3084,C惯
3085,C2JOY
3086,C818
3087,C8C8
3088,C迫
3089,ㄏㄍ
3090,CARPORNO
3091,CARSEX
3092,CBT
3093,CCIPAL
3094,CCIVAL
3095,CE惯
3096,CIBAL
3097,CIPAL
3098,CIVAL
3099,CLUBERO
3100,CLUD
3101,COMESEK
3102,COMSEK
3103,CONDOM
3104,COSEX
3105,COSEX.NET
3106,CUNNILINGUS
3107,D饿
3108,DABANG
3109,DAMN
3110,DAMOIMSEX
3111,DDUK
3112,DILDO
3113,DOG货尝
3114,DOUMI
3115,ㄑ馆
3116,ECSTASY
3117,ERO
3118,ERO2030
3119,ERO69
3120,EROASIA
3121,EROCINE
3122,EROSASIA
3123,EROSIAN
3124,EROSTYLE
3125,FANTADREAM
3126,FEALLATIO
3127,FEMSUB
3128,FETISH
3129,FETISH7
3130,FETISHWOMAN
3131,FUCK
3132,G饿
3133,GABOZI
3134,GAGASEXY
3135,GANGBANG
3136,GANGSHAQ
3137,GOCINEPIA
3138,GOJASEX
3139,GORE
3140,HADURI
3141,HARDCORE
3142,HARDCOREPORNO
3143,HENTAI
3144,HIDDEN
3145,HOMPY
3146,HOSTMASTER
3147,HOTBOJY
3148,HOTSEX
3149,HOTSEXKOREA
3150,HTTP://7942CAM.NA.ST
3151,HTTP://JOYCHAT.WO.TO
3152,HTTP://MEETING.NA.ST
3153,HTTP://SAY77.WO.TO
3154,HTTP://SEVEN.NA.ST
3155,HTTP://WWW.FAM.CO.KR
3156,HTTP://WWW.GSTING.CO.KR/
3157,IJ俊肺碱
3158,IJSEX
3159,ILOVESEX
3160,INFO
3161,JA困
3162,JA瘤
3163,JAJI
3164,JAMJI
3165,JASAL
3166,JAWE
3167,JAWI
3168,JAZI
3169,JAZY
3170,JCB
3171,JFANTASY
3172,JGIRLS
3173,JI饿
3174,JIRAL
3175,JJTV
3176,JOT
3177,JOUNGYANG
3178,JUKEON
3179,JUNGYANG
3180,KGIRLMOLCA
3181,KGIRLS
3182,KINGSEX
3183,KMOVIE
3184,KOREA器福畴
3185,KRTV
3186,KSEX
3187,KSEX.NET
3188,LESBIEN
3189,LIVE10TV
3190,LIVE69TV
3191,LUX
3192,MANABOZI
3193,MARKETING
3194,MASTER
3195,MASTURBATION
3196,MOLCA
3197,MOLCA冀胶
3198,MOLCA冀胶内府酒
3199,MOLCA抛捞橇
3200,MOLCA器福畴
3201,MOLCA器福畴家扼啊捞靛
3202,MOLCAAV
3203,MOLCACD
3204,MOLCANARA
3205,MOLCAPARTY
3206,MOLCAPORNOTV
3207,MOLCASEX
3208,MOLCASEXNIPON
3209,MOLCATV
3210,MRCONDOM
3211,MULYOSEX
3212,N炼E
3213,NALLARI
3214,NIGIMI
3215,NO抗
3216,NOC
3217,NOMO
3218,NOODE
3219,NOPANTS
3220,NUDCOUPLE
3221,NUDE
3222,NUDLNUDE
3223,ㄛ6ㄛ
3224,ㄛㄛ
3225,O6O
3226,Ｏ６Ｏ
3227,ONECLICK
3228,ONECLLCKPAY
3229,ORAL
3230,ORALSEXTV
3231,ㄜ.ㄔ.ㄛ
3232,P1MANG
3233,PENIS
3234,PENNIS
3235,PENTHOUSE
3236,PETISH
3237,PHONE祸
3238,PHONESEC
3239,PHONSEC
3240,PHONSEK
3241,PJ
3242,PLAYBOG
3243,PLAYBOY
3244,PLAYBOZI
3245,PLAZA
3246,PLEYBOG
3247,PLEYBOY
3248,PNNANG
3249,PONDO
3250,PONS
3251,PONSEC
3252,PONSEK
3253,PONZ
3254,PORN
3255,PORNER
3256,PORNO
3257,PORNO官促
3258,PORNO局聪
3259,PORNOBOZI
3260,PORNOMANA
3261,PORNOPLAYBOY
3262,PORNSEX
3263,PRNO
3264,QMANG
3265,R官
3266,REALXX
3267,ㄞㄛㄛㄙ
3268,ROOT
3269,RUNSEX
3270,SEX
3271,S2X
3272,S颇飘呈
3273,S窍绊E酵促X
3274,S窍E磊X
3275,SE竣胶
3276,SECMA
3277,SEKMA
3278,SㄑX
3279,ㄟEX
3280,┻┭╀
3281,SEX123
3282,SEX18
3283,SEX1818
3284,SEX4969
3285,SEX肺府鸥
3286,SEXBBS
3287,SEXBOARD
3288,SEXBUIN
3289,SEXCOREA
3290,SEXEROS
3291,SEXGOODS
3292,SEXHANGAME
3293,SEXJAPAN
3294,SEXJJ
3295,SEXKOREA
3296,SEXKOREA.COM
3297,SEXKOREA.NET
3298,SEXKOREA21
3299,SEXMAXX
3300,SEXMOLCA
3301,SEXMOLKA
3302,SEXMOVIE
3303,SEXMUSA
3304,SEXNIPON
3305,SEXPDS
3306,SEXPIA
3307,SEXPORNO
3308,SEXSEXY
3309,SEXSHOP
3310,SEXTV
3311,SEXWAL
3312,SEXWALL.COM
3313,SEXWAREZ
3314,SEXXMOLCATV
3315,SEXY
3316,SEXY拳惑盲泼
3317,SEXYADONG
3318,SEXYCLIK
3319,SEXYJAPAN
3320,SEXYMAP
3321,SEXYNMALL
3322,SEXYSOUL
3323,SEXYX
3324,SIBAL
3325,SIPAL
3326,SIVAL
3327,SM
3328,SORAGUIDE
3329,SORASEX
3330,SORASGUIDE
3331,SORA\'SGUIDE
3332,SORASGUIDE.COM
3333,SOSSEX
3334,SPANKING
3335,SRILANKASEX
3336,SSIBAL
3337,SSIPAL
3338,SSIVAL
3339,SUCK
3340,SUICIDE
3341,SUNGINSITE
3342,SWAP
3343,SWAPING
3344,SYLIVASAINT
3345,SYSOP
3346,TACHY
3347,TEMA
3348,TEME
3349,THEME
3350,TV敲饭捞焊捞
3351,TVBOZI
3352,TWISTKIM
3353,TWISTKIM.COM
3354,USENET
3355,UUCP
3356,VIVA器福畴
3357,VULVA
3358,WEBMASTER
3359,WEBXXX
3360,WONJOSEX
3361,WORLDSEX
3362,WWW
3363,WWW.CAMSEE.CO.KR
3364,WWW.GSTING.CO.KR
3365,WWW.PIC-K.COM/TMP/51.HTML
3366,WWW.PORNO
3367,WWW.SEX123.CO.KR
3368,WWW.SEXKOREA.NET
3369,WWW.SEXWAL.COM
3370,WWW.TWISTKIM.COM
3371,X386
3372,X措啊府
3373,X悼
3374,X殿鞭
3375,X拱
3376,X冀胶
3377,X冀X胶X秦X
3378,X困
3379,X瘤
3380,X判
3381,XX
3382,XX且
3383,XXX
3384,XXX厚叼坷
3385,XXX器福畴
3386,YA汲
3387,YADONG
3388,YADONGCLUB
3389,YADONGMOLCA
3390,YAHANBOZI
3391,YAHANNOM
3392,YASA
3393,YASINE
3394,YESMOLCA
3395,YESSEX
3396,YOUNGSEX
3397,ZASAL
3398,ZAZI
3399,ZOT
3400,ZOTTE
3401,
3402,
3403, 
3404,ざ1
3405,ざl
3406,ざI
3407,聪箍
3408,港港斥
3409,ざ郡
3410,惯逞
3411,惯斥
3412,涧捞甸
3413,斥酒
3414,截鳖
3415,骇斥
3416,闺斥
3417,骇仇
3418,闺仇
3419,18货尝
3420,俺啊畔
3421,霸鞍篮
3422,俺嚋
3423,霸嚋
3424,霸港港
3425,霸何饿
3426,俺何崔
3427,俺何舅
3428,霸何舅
3429,俺港港逞
3430,霸港港逞
3431,俺港港仇
3432,俺港港嚋
3433,霸鹅惯逞
3434,霸磊矫
3435,霸港
3436,俺龋肺货尝
3437,俺龋肺斥
3438,霸龋肺货尝
3439,霸龋肺仇
3440,霸龋肺斥
3441,俺吧饭
3442,俺呈付
3443,霸呈付
3444,俺储唱
3445,霸储唱
3446,俺静贰扁
3447,霸静饭扁
3448,霸静贰扁
3449,俺静饭扁
3450,霸港港
3451,霸棱斥
3452,俺棱搐
3453,霸棱搐
3454,霸棱逞
3455,俺粒啊瓢逞
3456,霸粒啊瓢逞
3457,霸粒
3458,霸瘤饿
3459,奥棱斥
3460,奥棱搐
3461,奥棱逞
3462,吧饭鞍篮斥
3463,吧贰鞍篮斥
3464,吧贰啊瓢搐
3465,吧饭啊瓢嚋
3466,吧饭鞍篮仇
3467,吧饭啊瓢逞
3468,吧饭斥
3469,吧贰斥
3470,吧贰逞
3471,吧贰仇
3472,柄截尝
3473,柄截播
3474,榜癌
3475,郴固饿
3476,郴固凡
3477,蠢弊局厚
3478,蠢弊局固
3479,迭幂
3480,蹿摹寂
3481,迭摹寂
3482,迭媚
3483,倒篮斥
3484,倒篮搐
3485,档弗斥
3486,档弗搐
3487,倒篮仇
3488,倒篮嚋
3489,档弗逞
3490,档弗嚋
3491,倒篮巴
3492,档弗巴
3493,殿俄
3494,殿纠
3495,鹅喉
3496,逛泼
3497,葫凭
3498,含凭
3499,桂凭
3500,捍蹿
3501,葫殴
3502,捍殴
3503,港港赤
3504,港港斥
3505,官焊攀捞
3506,官何攀捞
3507,港港搐
3508,洪凭
3509,洪俄
3510,葫俄
3511,葫脚溅府
3512,葫脚溅捞
3513,港港溅捞
3514,港港溅府
3515,欢备
3516,华钮
3517,秽操
3518,轿啊府
3519,荤啊瘤
3520,荤啊府
3521,荤鳖府
3522,惑搐
3523,惑逞
3524,港港搐
3525,港港嚋
3526,港港逞
3527,港港搐
3528,港港嚋
3529,矫迫斥
3530,矫迫货播
3531,矫大捞
3532,揪大捞
3533,矫惯货尝
3534,矫婆货尝
3535,揪婆货尝
3536,揪婆货播
3537,矫婆货播
3538,久赤
3539,久嚋
3540,久货捞
3541,久货府
3542,机技
3543,绞技捞
3544,绞技府
3545,绞嘉府
3546,绞迫货尝
3547,久迫截尝
3548,绞惯货尝
3549,绞惯截播
3550,绞瘤饿
3551,久瘤饿
3552,绞瘤凡
3553,久瘤凡
3554,绞攀操府
3555,久攀操府
3556,绞攀奔捞
3557,静官货尝
3558,静惯截播
3559,静惯货尝
3560,静惯技尝
3561,静惯技播
3562,静官截尝
3563,静官技尝
3564,矫惯芬
3565,港港芬
3566,揪桂啊府
3567,揪动捞
3568,矫动捞
3569,久何饿
3570,久户备
3571,久磺瘤
3572,歷技
3573,滵货
3574,堪敺
3575,砍冈绢扼
3576,夸斥
3577,港港判
3578,泪瘤判
3579,棱巴
3580,卢斥
3581,卢搐
3582,卢仇
3583,棱嚋
3584,卢巴
3585,历搐
3586,捞搐
3587,历仇
3588,历嚋
3589,粒鞍郴
3590,粒父捞
3591,粒啊瓢溅捞
3592,两聪
3593,两埃斥
3594,两宾匙
3595,两逞
3596,两父酒
3597,两啊瓢搐
3598,两鳖府
3599,两判
3600,港鞍篮仇
3601,两啊瓢斥
3602,港鞍篮货尝
3603,港斥
3604,港父茄斥
3605,港父茄仇
3606,港父茄货尝
3607,港父酒
3608,港冈绢
3609,港弧酒
3610,港货尝
3611,港判
3612,林臂斥
3613,林辨斥
3614,龋肺货尝
3615,龋肺截播
3616,龋肺货播
3617,fuck
3618,suck
3619,Fuck
3620,Suck
3621,sex
3622,痢拱
3623,阜埃斥
3624,阜埃仇
3625,阜埃搐
3626,阜埃嚋
3627,咐埃搐
3628,咐埃嚋
3629,咐埃仇
3630,倾立货尝
3631,倾立截尝
3632,倾铝截尝
3633,倾铝货尝
3634,倾铝
3635,姬稠
3636,姬搐
3637,げ た げ で
3638,げ び し さ び い
3639,け び ず び い
3640,固渺 
3641,ぁ だ さ だ あ び 
3642,鳖措
3643,矫捞迫
3644,矫捞妻
3645,揪捞妻
3646,し だ磊
3647,揪阂舅
3648,粮付聪
3649,扁笼斥
3650,焊じび
3651,1644
3652,1 6 4 4
3653,1.6.4.4
3654,1_6_4_4
3655,1-6-4-4
3656,1\'6\'4\'4
3657,1`6`4`4
3658,1/6/4/4
3659,1+6+4+4
3660,泅陛18父盔
3661,泅陛 18父盔
3662,泅.陛.18
3663,泅_陛_18
3664,泅.陛.1.8
3665,颇况霓
3666,颇.况.霓
3667,颇_况_霓
3668,颇-况-霓
3669,そた况霓
3670,そた快っ霓
3671,そた 况霓
3672,そ た况霓
3673,そ た 快 っ 霓
3674,そ た快っ霓
3675,Power霓
3676,power霓
3677,POWER霓
3678,颇况comm
3679,颇况com
3680,公丰捞亥飘
3681,窍唱肺牢磐齿
3682,窍唱肺牢磐
3683,荤篮前刘沥
3684,急拱刘沥
3685,囱刨档
3686,囱.刨.档
3687,PS2
3688,POWERCOM
3689,Powercom
3690,powercom
3691,PowerCom
3692,Hanaro牢磐齿
3693,hanaro牢磐齿
3694,HANARO牢磐齿
3695,啊涝矫3俺岿
3696,啊涝 矫 3俺岿
3697,啊涝矫3
3698,啊涝 矫 3
3699,啊涝 矫3
3700,牢磐齿啊涝
3701,牢磐齿 啊涝
3702,窍唱TV
3703,窍唱萍厚
3704,窍唱T V
3705,窍 唱TV
3706,窍唱 TV
3707,窍唱萍宏捞
3708,窍 唱 萍 厚
3709,窍唱 萍厚
3710,窍唱 萍 厚
3711,1 6 荤 4
3712,1 6 4 荤
3713,I 6 4 4
3714,l 6 4 4
3715,| 6 4 4
3716,| 6 荤 4
3717,164 荤
3718,l644
3719,I644
3720,|644
3721,I 64 4
3722,2 2 3 1
3723,2 2 3 I
3724,LG颇况磅
3725,LG 颇况磅
3726,泅 18父盔
3727,3俺岿公丰
3728,xpeed
3729,巩狼傈拳
3730,5 8 5 O
3731,5 8 5 0
3732,颇况磅
3733,泅陛弥措
3734,1 8父盔
3735,18父 盔
3736,18 父盔
3737,荤篮陛婆婆
3738,3俺岿公丰
3739,颇况哪
3740,泅18父
3741,18父盔
3742,LCD刘沥
3743,LCD急拱
3744,父or
3745,父+
3746,<
3748,administrator
3749,admlnlstrator
3750,admlnlstrat0r
3751,adm1n1strat0r
3752,admin
3753,adm1n
3754,admln
3755,aeria
3756,aeriagames
3757,gamemaster
3758,gamesage
3759,gm
3760,gs
3761,pm
3762,manager
3763,productmanager
3764,production
3765,management
3766,webmaster
3767,moderator
3768,揪惯
3769,揪迫
3770,#
